{
	"name": "EYE Sport Football League",
	"short_name": "EYE Sport Football League",
	"description": "Penalty kick game",
	"start_url": "index.html",
	"display": "fullscreen",
	"orientation": "portrait",
	"background_color": "#ffffff",
	"icons": [
		{
			"src": "icons/icon-16.png",
			"sizes": "16x10",
			"type": "image/png"
		},
		{
			"src": "icons/icon-32.png",
			"sizes": "32x21",
			"type": "image/png"
		},
		{
			"src": "icons/icon-114.png",
			"sizes": "114x73",
			"type": "image/png"
		},
		{
			"src": "icons/icon-128.png",
			"sizes": "128x82",
			"type": "image/png"
		},
		{
			"src": "icons/icon-256.png",
			"sizes": "256x165",
			"type": "image/png"
		}
	]
}